YYYYMMDD,PRECIPITATION,MEAN TEMP
20130101,0,60.5
20130102,0,68
20130103,0.15,56.5
20130104,0,53.5
20130105,0,54.5
20130106,0.04,61
20130107,0,56
20130108,0,66.5
20130109,0,71.5
20130110,0,73.5
20130111,0,69
20130112,0,70
20130113,0,69.5
20130114,0,69
20130115,0,67.5
20130116,0,68.5
20130117,0.01,54
20130118,0,50.5
20130119,0,59.5
20130120,0,61.5
20130121,0,58
20130122,0,50.5
20130123,0,48
20130124,0,56.5
20130125,0,61
20130126,0,60
20130127,0,63
20130128,0,67
20130129,0,70.5
20130130,0.13,70.5
20130131,0,49
20130201,0,51
20130202,0,48.5
20130203,0,52
20130204,0,49.5
20130205,0,54.5
20130206,0.02,64.5
20130207,0.27,66.5
20130208,0,62.5
20130209,0,59.5
20130210,0,61.5
20130211,0,71
20130212,0,73.5
20130213,0.04,69.5
20130214,0.09,55.5
20130215,0,53
20130216,0,48.5
20130217,0,40.5
20130218,0,44.5
20130219,0,59
20130220,0,58.5
20130221,0,59.5
20130222,0,70
20130223,0.14,70.5
20130224,0.01,66.5
20130225,0.54,67
20130226,0.53,68
20130227,0,60
20130228,0,58
20130301,0,53.5
20130302,0,44.5
20130303,0,39.5
20130304,0,46
20130305,0,56
20130306,0.02,53.5
20130307,0,50.5
20130308,0,54.5
20130309,0,54.5
20130310,0,62.5
20130311,0,65
20130312,0.3,59
20130313,0,58.5
20130314,0,50.5
20130315,0,53
20130316,0,60
20130317,0.06,58.5
20130318,0.02,67.5
20130319,0.06,70
20130320,0.11,61.5
20130321,0,54
20130322,0,55
20130323,0.11,65
20130324,0.3,73.5
20130325,0,56.5
20130326,0,46
20130327,0,46
20130328,0,51
20130329,0,54.5
20130330,0,58.5
20130331,0,65.5
20130401,0,70
20130402,0,66.5
20130403,0.53,66.5
20130404,0.04,70
20130405,0.02,60
20130406,0,61
20130407,0,65.5
20130408,0,69
20130409,0,72
20130410,0,70.5
20130411,0.15,79
20130412,0,78
20130413,0,71.5
20130414,1.73,68
20130415,0,73.5
20130416,0,74
20130417,0,73.5
20130418,0,74
20130419,0.06,76.5
20130420,0.34,56
20130421,0.24,61
20130422,0,62.5
20130423,0,65.5
20130424,0,68.5
20130425,0,72
20130426,0,72
20130427,0,71
20130428,0,72
20130429,0.37,72.5
20130430,0,75.5
20130501,0,71.5
20130502,1.52,71.5
20130503,1.79,67.5
20130504,0.15,69.5
20130505,0,66.5
20130506,0,63
20130507,0,64.5
20130508,0,67
20130509,0,70.5
20130510,0,74
20130511,0.17,75.5
20130512,0,75.5
20130513,0,66.5
20130514,0,63
20130515,0,68.5
20130516,0,72.5
20130517,0,75
20130518,0.2,77.5
20130519,0,79.5
20130520,0.69,77.5
20130521,0.02,75.5
20130522,0.02,77
20130523,0,78
20130524,0,76.5
20130525,0,71.5
20130526,0,70
20130527,0,72
20130528,0,74
20130529,0,78.5
20130530,0,80
20130531,0.01,77.5
20130601,0,79
20130602,1.56,82.5
20130603,0.6,81.5
20130604,0.22,79
20130605,0.1,77
20130606,1.56,76
20130607,0.02,79.5
20130608,0.02,81.5
20130609,0.21,80.5
20130610,0.12,82
20130611,0,82
20130612,0,83
20130613,0,85
20130614,0.38,82
20130615,0,80.5
20130616,0.6,81
20130617,0,83
20130618,0,82
20130619,0,82.5
20130620,0,83
20130621,0.11,80.5
20130622,0,78.5
20130623,0,81.5
20130624,0,82
20130625,0,82.5
20130626,0.24,82
20130627,0.05,79.5
20130628,0,83
20130629,0.18,79.5
20130630,0.28,80
20130701,1.36,77
20130702,0.86,81.5
20130703,0.21,82
20130704,0.23,81
20130705,0.43,80
20130706,0,82
20130707,0,82.5
20130708,0,82
20130709,0,83
20130710,1.4,81.5
20130711,1.09,81
20130712,1.25,80.5
20130713,1.14,79
20130714,0,78.5
20130715,0.12,77.5
20130716,0,82
20130717,0,83
20130718,0,82
20130719,1.75,80
20130720,0.1,79
20130721,0.26,79.5
20130722,0.61,80
20130723,1.88,79
20130724,0.41,79
20130725,0,80
20130726,0,84.5
20130727,0,83.5
20130728,0,81
20130729,0,82
20130730,0,84
20130731,3.55,82
20130801,0.46,80.5
20130802,0,81.5
20130803,0.15,83
20130804,0,84
20130805,0,86.5
20130806,0.24,84
20130807,0,83
20130808,0,84
20130809,0.33,81.5
20130810,0,82.5
20130811,0,85
20130812,0.17,85
20130813,0,84
20130814,0.01,84
20130815,0,82.5
20130816,0.55,80
20130817,0.28,82
20130818,0.1,81
20130819,0,83.5
20130820,0,82.5
20130821,0,81
20130822,0.14,81.5
20130823,0.34,80
20130824,0,81.5
20130825,0.02,79.5
20130826,0,80.5
20130827,0,80
20130828,0,80
20130829,0,81.5
20130830,0,84
20130831,0.01,81.5
20130901,0,81.5
20130902,0.06,81
20130903,0.22,80.5
20130904,0.05,83
20130905,0,82
20130906,0.21,82.5
20130907,0,80
20130908,0,79
20130909,0,78.5
20130910,0,78
20130911,0,80.5
20130912,0,79.5
20130913,0,80.5
20130914,0,80
20130915,0.17,82.5
20130916,0,83
20130917,0,81
20130918,0,79
20130919,0.01,79.5
20130920,0,77.5
20130921,0,77.5
20130922,0.41,77.5
20130923,0.36,77.5
20130924,1.54,79
20130925,0.03,77.5
20130926,0,78.5
20130927,0,76.5
20130928,0.14,73.5
20130929,0,76.5
20130930,0,77
20131001,0.02,77
20131002,0,74.5
20131003,0,77
20131004,0,79.5
20131005,0,78.5
20131006,0,78.5
20131007,0,77.5
20131008,0,74.5
20131009,0,65
20131010,0,71
20131011,0,71
20131012,0,72.5
20131013,0,71.5
20131014,0,72.5
20131015,0.03,70.5
20131016,0,76
20131017,0,75.5
20131018,0,76
20131019,0,78.5
20131020,0,75
20131021,0,76.5
20131022,0.03,76.5
20131023,0,64.5
20131024,0,61
20131025,0,62
20131026,0,60.5
20131027,0,60.5
20131028,0,64.5
20131029,0,69
20131030,0,70.5
20131031,0,73
20131101,0,74.5
20131102,1.26,64.5
20131103,0,62.5
20131104,0,66
20131105,0,69
20131106,0.02,73
20131107,0,76.5
20131108,0,62.5
20131109,0,65.5
20131110,0,69.5
20131111,0,68
20131112,0,71
20131113,0,56.5
20131114,0,60.5
20131115,0.11,65.5
20131116,0,66
20131117,0.16,72.5
20131118,0,70.5
20131119,0,64.5
20131120,0,65.5
20131121,0,70
20131122,0,69.5
20131123,0,68.5
20131124,0,55.5
20131125,0,59.5
20131126,1.71,68
20131127,0.05,52
20131128,0,44
20131129,0,55.5
20131130,0,59.5
20131201,0,62.5
20131202,0,62
20131203,0,60
20131204,0,67
20131205,0,68.5
20131206,0,71
20131207,0,71.5
20131208,0,69.5
20131209,0,72
20131210,0.29,67
20131211,0,60
20131212,0,51
20131213,0,52
20131214,1.39,64.5
20131215,0.77,57
20131216,0,48.5
20131217,0,51
20131218,0,50.5
20131219,0,52
20131220,0,61
20131221,0,70
20131222,0,73.5
20131223,0,73
20131224,0,51.5
20131225,0,52.5
20131226,0,57.5
20131227,0.01,56
20131228,0.01,62.5
20131229,1.32,64
20131230,0,57
20131231,0,56
20140101,0.82,54.5
20140102,1.9,58.5
20140103,0,42
20140104,0,46
20140105,0,63.5
20140106,0.05,51
20140107,0,33
20140108,0,41.5
20140109,0.17,56.5
20140110,0,70
20140111,0.28,70
20140112,0,54
20140113,0,56.5
20140114,1.35,58
20140115,0,51
20140116,0,41.5
20140117,0,48
20140118,0,43
20140119,0.02,46
20140120,0,50
20140121,0,57.5
20140122,0,39.5
20140123,0,42.5
20140124,0,43.5
20140125,0,50.5
20140126,0,52
20140127,0,62
20140128,0.12,56
20140129,0.37,39.5
20140130,0.12,40
20140131,0,50.5
20140201,0,65
20140202,0,68.5
20140203,0,70.5
20140204,0,69.5
20140205,0.22,70
20140206,0.59,54
20140207,0,50
20140208,0.18,51
20140209,0,53.5
20140210,0,55.5
20140211,0,58.5
20140212,0.28,53
20140213,0,50
20140214,0,47
20140215,0.09,53.5
20140216,0,51
20140217,0,56.5
20140218,0,60
20140219,0,67
20140220,0,66
20140221,1.58,66.5
20140222,0,65
20140223,0.77,58
20140224,0.03,62.5
20140225,0,67
20140226,0.63,57
20140227,0,51
20140228,0,49.5
20140301,0,57
20140302,0,62
20140303,0,64.5
20140304,0,57
20140305,0.1,50
20140306,0.91,52.5
20140307,0,44.5
20140308,0,52.5
20140309,0,58.5
20140310,0,63.5
20140311,0,63.5
20140312,0.01,70.5
20140313,0,51.5
20140314,0,53
20140315,0,61
20140316,0,68
20140317,2.26,62
20140318,0.32,61
20140319,0,60.5
20140320,0,64
20140321,0,64.5
20140322,0,70.5
20140323,0,67.5
20140324,0,61.5
20140325,0,62
20140326,0,50.5
20140327,0,57
20140328,1.08,67.5
20140329,0.82,68.5
20140330,0,60
20140331,0,62
20140401,0,62.5
20140402,0,65
20140403,0,69
20140404,0,68.5
20140405,0,72.5
20140406,0,74
20140407,0,75.5
20140408,1.08,66.5
20140409,0,63.5
20140410,0,63
20140411,0,66
20140412,0,70
20140413,0,69.5
20140414,0,74.5
20140415,0.15,65
20140416,0,55.5
20140417,0,64
20140418,0.14,67.5
20140419,0,66
20140420,0,60.5
20140421,0,63.5
20140422,0,67
20140423,0,72
20140424,0,74
20140425,0,72.5
20140426,0,75.5
20140427,0,74
20140428,0,77
20140429,1.23,75.5
20140430,0.03,73.5
20140501,0.03,77.5
20140502,0.58,65
20140503,0.2,60
20140504,0,69
20140505,0,75
20140506,0,72.5
20140507,0,74.5
20140508,0,77
20140509,0,79
20140510,0,78
20140511,0.03,77
20140512,0,76.5
20140513,0,77.5
20140514,0.22,76.5
20140515,1.31,73.5
20140516,0,65.5
20140517,0,67.5
20140518,0,66.5
20140519,0,72
20140520,0,71.5
20140521,0,71
20140522,0,76
20140523,0,79
20140524,0,81.5
20140525,0.12,80
20140526,0,77.5
20140527,0,76
20140528,0.02,77
20140529,0.06,77.5
20140530,0.27,77
20140531,0,76.5
20140601,0.49,76.5
20140602,0,74.5
20140603,0,73
20140604,0,74
20140605,0,76
20140606,0,79.5
20140607,0.16,78.5
20140608,0.1,81
20140609,0,81
20140610,0.16,80
20140611,0,77
20140612,0,77
20140613,0.26,77.5
20140614,1.56,78
20140615,0.02,79
20140616,0.64,78.5
20140617,0,78
20140618,0,78.5
20140619,0,79
20140620,0.68,81.5
20140621,0,79.5
20140622,0.21,80.5
20140623,0,77.5
20140624,0.24,79
20140625,0,81.5
20140626,0,83
20140627,0,83
20140628,0,85
20140629,0,83
20140630,0,82
20140701,0,82
20140702,0,81.5
20140703,1.09,82
20140704,0.03,80
20140705,0.38,80.5
20140706,0.37,78.5
20140707,0,79
20140708,0.04,79
20140709,0,79.5
20140710,0,80
20140711,1.07,81
20140712,0.2,78
20140713,0,80
20140714,0.13,80.5
20140715,1.07,79.5
20140716,0.31,78.5
20140717,0,79.5
20140718,0,81.5
20140719,0.02,81
20140720,0.09,81
20140721,0,80
20140722,1.99,80.5
20140723,0,81.5
20140724,0,82
20140725,0,82.5
20140726,0,81.5
20140727,0,83.5
20140728,0,85
20140729,0,83
20140730,0,78.5
20140731,0,78.5
20140801,0,81.5
20140802,0.2,81
20140803,0,83
20140804,0.1,81.5
20140805,0,83
20140806,0.51,83
20140807,0,83.5
20140808,0.13,81.5
20140809,0.17,80.5
20140810,0.01,81.5
20140811,0.12,80
20140812,0.16,78.5
20140813,0.7,82
20140814,0.26,80.5
20140815,0,78
20140816,0,81
20140817,0,83
20140818,0.22,81
20140819,0.17,82.5
20140820,0,82.5
20140821,0.06,85
20140822,0.04,84.5
20140823,0.12,85
20140824,0,84.5
20140825,0,80.5
20140826,0.01,81
20140827,0,79
20140828,0,77.5
20140829,0.42,83
20140830,1.81,82
20140831,0,81.5
20140901,0.43,82.5
20140902,0.13,81.5
20140903,0.25,81.5
20140904,0,80.5
20140905,1.11,80
20140906,0,76.5
20140907,0.29,79
20140908,0.37,80.5
20140909,0.13,80.5
20140910,0,81
20140911,0,81
20140912,0,81
20140913,0,82
20140914,0,81.5
20140915,0.84,80.5
20140916,0.29,75
20140917,0,78
20140918,0,80
20140919,0.01,75
20140920,0,77
20140921,0,76.5
20140922,0.08,75
20140923,0.87,74.5
20140924,0,72
20140925,0,71.5
20140926,0,76
20140927,1,79.5
20140928,0.84,78.5
20140929,0.63,75
20140930,0.01,77
20141001,0,77
20141002,0,79
20141003,0.23,78.5
20141004,0,69
20141005,0,60.5
20141006,0,64
20141007,0,72.5
20141008,0,76
20141009,0,76
20141010,0,76.5
20141011,0,75
20141012,0,76
20141013,0,78.5
20141014,0.04,79
20141015,0.3,67.5
20141016,0,65
20141017,0,65
20141018,0,66.5
20141019,0,70
20141020,0,70
20141021,0,71.5
20141022,0,66.5
20141023,0,61.5
20141024,0,61
20141025,0,62
20141026,0,63.5
20141027,0,70.5
20141028,0,68.5
20141029,0,70.5
20141030,0.98,67.5
20141031,0,62.5
20141101,0,50
20141102,0,50.5
20141103,0,51.5
20141104,0,62.5
20141105,0,69
20141106,0,67.5
20141107,0,56
20141108,0.04,55
20141109,0.06,60.5
20141110,0,64
20141111,0,64.5
20141112,0,60
20141113,0,65
20141114,0,53.5
20141115,0,53.5
20141116,0,65
20141117,0.47,65.5
20141118,0,43
20141119,0,41
20141120,0,44
20141121,0,52.5
20141122,0.01,59.5
20141123,0.21,74
20141124,0,77
20141125,1.33,67.5
20141126,0.35,50.5
20141127,0,50
20141128,0,45.5
20141129,0,50.5
20141130,0,59
20141201,0,63.5
20141202,0,69
20141203,0,67.5
20141204,0,68
20141205,0,69
20141206,0.03,71
20141207,0,58.5
20141208,0,52.5
20141209,0,51
20141210,0,46.5
20141211,0,45.5
20141212,0,50
20141213,0,48.5
20141214,0,51.5
20141215,0,51.5
20141216,0,55
20141217,0,56
20141218,0,52
20141219,0,58.5
20141220,0.01,58
20141221,0.25,60.5
20141222,1.02,67
20141223,1.28,68.5
20141224,0.79,69.5
20141225,0,52
20141226,0,54
20141227,0,63.5
20141228,0,68
20141229,0,66.5
20141230,0,63
20141231,0,54
20150101,0.00001,57.5
20150102,0,64
20150103,0.00001,72
20150104,0.08,71.5
20150105,0,55
20150106,0,55
20150107,0,48.5
20150108,0,37
20150109,0.00001,46
20150110,0,48
20150111,0.00001,57.5
20150112,0.77,63
20150113,0,63.5
20150114,0,55
20150115,0.29,48
20150116,0.03,49
20150117,0,50.5
20150118,0,55
20150119,0,50
20150120,0,53
20150121,0,60.5
20150122,0,59.5
20150123,1.66,63.5
20150124,0.26,54
20150125,0,47.5
20150126,0.15,53
20150127,0,51.5
20150128,0,45.5
20150129,0,48.5
20150130,0,53.5
20150131,0,49.5
20150201,0,56
20150202,0.02,54.5
20150203,0,45
20150204,0.24,53
20150205,0.35,52.5
20150206,0,49.5
20150207,0,51
20150208,0,56.5
20150209,0.02,56.5
20150210,0,53
20150211,0,51.5
20150212,0,55
20150213,0,43
20150214,0,45
20150215,0,57.5
20150216,0,58
20150217,1.08,55.5
20150218,0.02,46
20150219,0,36
20150220,0,37.5
20150221,0,51
20150222,0,63.5
20150223,0.14,65.5
20150224,0.00001,59
20150225,0.00001,60.5
20150226,0.04,60.5
20150227,0,51.5
20150228,0.11,54
20150301,0.11,63.5
20150302,0,69.5
20150303,0,72
20150304,0,71.5
20150305,0.00001,72
20150306,0.00001,56
20150307,0,56
20150308,0,57.5
20150309,0,64
20150310,0,71
20150311,0.00001,73.5
20150312,0.05,74.5
20150313,0.00001,75
20150314,0.00001,75
20150315,0,71.5
20150316,0,68.5
20150317,0,69
20150318,0,71
20150319,0.17,71
20150320,0,72.5
20150321,0,72
20150322,0.00001,73.5
20150323,0.42,70
20150324,0,64
20150325,0,68.5
20150326,0.2,69
20150327,0.22,61.5
20150328,0,53.5
20150329,0,52.5
20150330,0,58.5
20150331,0,69
20150401,0,73.5
20150402,0,70
20150403,0,72
20150404,0.48,70.5
20150405,0,69.5
20150406,0.00001,72.5
20150407,0.00001,73
20150408,0,74.5
20150409,0,73.5
20150410,0,76
20150411,0.2,72.5
20150412,0.04,74.5
20150413,0.37,73.5
20150414,0.05,76
20150415,0.12,76
20150416,0.00001,71
20150417,0.00001,69.5
20150418,0,76.5
20150419,0.04,76.5
20150420,0.15,70.5
20150421,0,71.5
20150422,0,71
20150423,0.24,72.5
20150424,0,73
20150425,0.27,73.5
20150426,0.88,78.5
20150427,0.12,73
20150428,0.00001,71
20150429,0.26,73.5
20150430,0,68
20150501,0,65
20150502,0,63
20150503,0,65
20150504,0,66.5
20150505,0.15,70
20150506,0.00001,71.5
20150507,0,72.5
20150508,0,72.5
20150509,0,74.5
20150510,0,77.5
20150511,0.00001,77.5
20150512,0.97,78
20150513,0.69,79
20150514,0.72,77.5
20150515,0.00001,76
20150516,0,75
20150517,0,76.5
20150518,0.00001,79.5
20150519,0,79.5
20150520,0.00001,79
20150521,0,81
20150522,0,78.5
20150523,0,77.5
20150524,0,77.5
20150525,0,81.5
20150526,0.01,81
20150527,0.00001,79.5
20150528,0,75.5
20150529,0,76.5
20150530,0,76.5
20150531,0,79
20150601,0.47,79.5
20150602,0.18,74
20150603,0.00001,77.5
20150604,0.00001,79.5
20150605,0.22,78.5
20150606,0.03,78
20150607,0,77.5
20150608,0.07,79
20150609,0,80.5
20150610,0.39,78.5
20150611,0.00001,78.5
20150612,0,80
20150613,0,82
20150614,0,82
20150615,0,81.5
20150616,0.00001,85.5
20150617,0.00001,85.5
20150618,0.00001,85.5
20150619,0,83.5
20150620,0,85.5
20150621,0,85.5
20150622,0.15,85.5
20150623,0.11,82.5
20150624,0.43,82
20150625,0.28,80
20150626,0.39,80
20150627,0.1,81
20150628,0.57,81.5
20150629,0.22,79
20150630,0.00001,80.5
20150701,0.04,80.5
20150702,0.17,80.5
20150703,0.00001,81.5
20150704,0.53,79.5
20150705,0.54,80.5
20150706,0.01,78.5
20150707,0.27,80.5
20150708,1.26,80.5
20150709,0,82
20150710,0.25,84
20150711,0.09,85
20150712,0.53,85.5
20150713,0.15,83
20150714,0.00001,83.5
20150715,0.13,78.5
20150716,0,81.5
20150717,0.19,83.5
20150718,0.12,83.5
20150719,0,85
20150720,0.35,81
20150721,0.02,82.5
20150722,0,85.5
20150723,0.2,84
20150724,0.54,82
20150725,0.08,81
20150726,1.89,81
20150727,0.00001,82.5
20150728,0,82
20150729,0.71,84
20150730,0.02,81.5
20150731,0,81.5
20150801,1.57,77
20150802,0.5,79.5
20150803,1.78,79.5
20150804,0.02,80
20150805,0.16,81
20150806,0.00001,81.5
20150807,1.43,79
20150808,0.00001,82.5
20150809,0,83
20150810,0,82
20150811,0,82
20150812,0.00001,83
20150813,0.41,81
20150814,0.00001,81.5
20150815,0.01,80
20150816,0.42,81.5
20150817,1.53,79.5
20150818,0,81.5
20150819,0.00001,82.5
20150820,0,82.5
20150821,0,83.5
20150822,0,84.5
20150823,0.5,83
20150824,0.01,80
20150825,0,83.5
20150826,1.13,82.5
20150827,0.00001,79
20150828,0.00001,81.5
20150829,0.15,79
20150830,1.81,80.5
20150831,0.05,81
20150901,0.12,80.5
20150902,0,82
20150903,0,83
20150904,0.26,82
20150905,0.01,80
20150906,0.56,78.5
20150907,1.66,78.5
20150908,0.02,80.5
20150909,0,80.5
20150910,0.00001,80.5
20150911,0,82.5
20150912,2.01,76
20150913,0,74.5
20150914,0,73.5
20150915,0.00001,78.5
20150916,0.2,78
20150917,0.01,77
20150918,0.18,75.5
20150919,0.00001,79.5
20150920,0,80
20150921,0,78
20150922,0,79.5
20150923,0.00001,78
20150924,0,78
20150925,0,77
20150926,0.1,79.5
20150927,0.05,78
20150928,0.89,78
20150929,0,76.5
20150930,0,82.5
20151001,0.00001,81
20151002,0.00001,73
20151003,0,68.5
20151004,0,67.5
20151005,0,73
20151006,0,72.5
20151007,0,73.5
20151008,0,74
20151009,0,77
20151010,0.29,78.5
20151011,0,71.5
20151012,0,70
20151013,0,71
20151014,0,73
20151015,0,69
20151016,0,68.5
20151017,0,71
20151018,0,66
20151019,0,64
20151020,0,69
20151021,0.11,71.5
20151022,0,75.5
20151023,0,75
20151024,0,73
20151025,0,75
20151026,0.00001,73.5
20151027,0.27,72
20151028,0.35,77.5
20151029,0,71.5
20151030,0,70.5
20151031,0,72
20151101,0,78
20151102,0,77
20151103,0,80.5
20151104,0,79
20151105,0,79.5
20151106,0,78.5
20151107,0,77
20151108,1.25,76.5
20151109,0.03,74.5
20151110,0.15,71.5
20151111,0,69
20151112,0,69
20151113,0,65.5
20151114,0,61
20151115,0,65
20151116,0,69
20151117,0,72
20151118,1.03,76
20151119,0.2,73.5
20151120,0,69.5
20151121,0.02,70.5
20151122,0.05,58.5
20151123,0,48.5
20151124,0,54.5
20151125,0,63
20151126,0.02,69.5
20151127,0.00001,69.5
20151128,0,69
20151129,0,66.5
20151130,0,68
20151201,0,70.5
20151202,0.06,71
20151203,0.00001,61.5
20151204,0.00001,57.5
20151205,0,63.5
20151206,0,66
20151207,0.00001,59
20151208,0,56
20151209,0,62
20151210,0,61.5
20151211,0,61
20151212,0,63.5
20151213,0,71
20151214,0.01,75
20151215,0.14,71.5
20151216,0.03,75
20151217,1,74
20151218,0.23,57.5
20151219,0,48.5
20151220,0,53.5
20151221,0,63.5
20151222,0.49,72
20151223,0.00001,71.5
20151224,0,74
20151225,0,75
20151226,0,74.5
20151227,0.00001,75
20151228,0,75.5
20151229,0.01,72.5
20151230,0,74
20151231,0,75
20160101,0.13,67
20160102,0.03,54
20160103,0.46,49
20160104,0,52.5
20160105,0,48.5
20160106,0.00001,52.5
20160107,0.00001,57
20160108,0.16,61.5
20160109,0.00001,61.5
20160110,0,56.5
20160111,0,43
20160112,0,44.5
20160113,0,47
20160114,0,46
20160115,0.38,62.5
20160116,0.05,58.5
20160117,0.94,51
20160118,0,46.5
20160119,0,41
20160120,0,44
20160121,0,52.5
20160122,0.35,58.5
20160123,0.00001,40
20160124,0,40.5
20160125,0,47
20160126,0,57.5
20160127,0.1,64.5
20160128,0.13,57
20160129,0.00001,55
20160130,0,52.5
20160131,0,54
20160201,0,63
20160202,0,67.5
20160203,0,76
20160204,3.22,61
20160205,0,47.5
20160206,0.3,50
20160207,0.08,47
20160208,0.00001,48
20160209,0,48
20160210,0,42
20160211,0,48
20160212,0,60
20160213,0,53
20160214,0,50.5
20160215,0,58
20160216,0.39,61.5
20160217,0,58.5
20160218,0,54
20160219,0,56
20160220,0,59
20160221,0,64.5
20160222,0,62.5
20160223,0.07,72.5
20160224,0.06,66
20160225,0,53.5
20160226,0,49.5
20160227,0,48
20160228,0,51.5
20160229,0,57.5
20160301,0,60
20160302,0.00001,64
20160303,0,59
20160304,0.15,54
20160305,0,54.5
20160306,0,58
20160307,0,59.5
20160308,0,63.5
20160309,0,68
20160310,0,71.5
20160311,0,69
20160312,0,70.5
20160313,0.1,69.5
20160314,0.00001,72
20160315,0,74
20160316,0,79
20160317,1.18,70.5
20160318,0.02,71
20160319,0.02,71.5
20160320,0.01,67.5
20160321,0,51.5
20160322,0,53.5
20160323,0,60.5
20160324,0.26,67.5
20160325,0.02,67.5
20160326,0.31,71
20160327,0.28,75.5
20160328,0,74.5
20160329,0,68.5
20160330,0,70
20160331,0,74.5
20160401,0,75
20160402,0.86,69
20160403,0,63
20160404,0,65
20160405,0,67
20160406,0,65
20160407,0.06,71
20160408,0,68.5
20160409,0,62.5
20160410,0,63.5
20160411,0,66
20160412,0.02,70
20160413,0.33,69.5
20160414,0.01,69.5
20160415,0.01,69
20160416,0.00001,70.5
20160417,0.00001,61.5
20160418,0,63.5
20160419,0,64.5
20160420,0,66
20160421,0.01,69
20160422,0.36,71
20160423,0,71.5
20160424,0,72
20160425,0,72.5
20160426,0,72
20160427,0,75.5
20160428,0,76
20160429,0,77
20160430,0,78
20160501,0,80
20160502,0,79.5
20160503,0,78.5
20160504,1.24,69.5
20160505,0,64
20160506,0,61.5
20160507,0,64.5
20160508,0,73
20160509,0,71
20160510,0,75
20160511,0,76.5
20160512,0,77
20160513,0.3,76.5
20160514,0,76
20160515,0,73.5
20160516,0.43,74.5
20160517,1.51,78.5
20160518,0.05,78.5
20160519,0.05,79
20160520,0.45,75
20160521,0,77
20160522,0,74.5
20160523,0,71.5
20160524,0,73
20160525,0,75
20160526,0,73.5
20160527,0,75
20160528,0,77
20160529,0,77.5
20160530,0.05,79.5
20160531,0,80
20160601,0.00001,82
20160602,0.00001,81.5
20160603,0,83
20160604,0,83.5
20160605,0.37,83.5
20160606,5.65,76.5
20160607,0.69,81
20160608,0,83
20160609,0.00001,82.5
20160610,0.38,82
20160611,0.00001,80
20160612,0,83.5
20160613,0.00001,84.5
20160614,0,84.5
20160615,0,84.5
20160616,0.45,81.5
20160617,0,82.5
20160618,0.52,79.5
20160619,0.00001,78.5
20160620,0,75.5
20160621,0,74.5
20160622,0,77.5
20160623,0,80
20160624,0,83.5
20160625,0,84
20160626,0,81
20160627,0.00001,82
20160628,1.93,82.5
20160629,0,83
20160630,0.00001,80
20160701,0.09,81
20160702,0.45,80
20160703,0.05,83
20160704,0.00001,83.5
20160705,0,82.5
20160706,0,84.5
20160707,0,83.5
20160708,0,85.5
20160709,0,86
20160710,0,84
20160711,0,83.5
20160712,0.11,85
20160713,0.41,86
20160714,0.04,82.5
20160715,0.3,83.5
20160716,0.00001,81.5
20160717,0.00001,82.5
20160718,0.00001,82.5
20160719,0.00001,83
20160720,0,84
20160721,0.03,84
20160722,0.00001,84.5
20160723,0,83
20160724,0,83
20160725,0.00001,81.5
20160726,0,83.5
20160727,0.00001,84
20160728,0,84.5
20160729,0.00001,84.5
20160730,0,85
20160731,0.01,85.5
20160801,0.02,84
20160802,0,83
20160803,0.02,84
20160804,0.01,81
20160805,0.07,83
20160806,0.02,79
20160807,1.44,79
20160808,0.34,79
20160809,0.00001,80
20160810,0.00001,83
20160811,0.00001,82.5
20160812,0.17,83.5
20160813,0.00001,83.5
20160814,0.16,81.5
20160815,0.00001,83.5
20160816,0.02,83.5
20160817,0,83
20160818,0.15,83.5
20160819,0,84
20160820,0,84.5
20160821,0,83
20160822,0,85.5
20160823,0.35,85
20160824,0,84.5
20160825,0.00001,83.5
20160826,0,82.5
20160827,0.05,83
20160828,0.05,85
20160829,0.37,84
20160830,0.04,80
20160831,0.02,79
20160901,1.94,76.5
20160902,2.47,83.5
20160903,0.11,80
20160904,0.32,79.5
20160905,0,76.5
20160906,0,75
20160907,0,77.5
20160908,0,76
20160909,0,77
20160910,0,82.5
20160911,0,82.5
20160912,0.24,82
20160913,0.62,79
20160914,0.2,79
20160915,0,81.5
20160916,0.00001,82
20160917,0.00001,83
20160918,0.00001,82.5
20160919,1.94,82.5
20160920,0.05,80
20160921,0,80
20160922,0,81
20160923,0,80.5
20160924,0,81.5
20160925,0,81.5
20160926,0.00001,80.5
20160927,0,80.5
20160928,0.08,79
20160929,0.00001,77.5
20160930,0,79
20161001,0,78
20161002,0.00001,79
20161003,0.00001,78
20161004,0.01,80.5
20161005,0.28,77.5
20161006,0.15,74
20161007,1.05,74.5
20161008,0,80
20161009,0,72.5
20161010,0,69
20161011,0,70.5
20161012,0.00001,74.5
20161013,0.00001,74
20161014,0,72
20161015,0.16,75
20161016,0,74.5
20161017,0,75.5
20161018,0,74
20161019,0,73
20161020,0,73.5
20161021,0,73.5
20161022,0,60
20161023,0,59
20161024,0,61
20161025,0,64
20161026,0,73.5
20161027,0,70.5
20161028,0,72.5
20161029,0,73.5
20161030,0,73.5
20161031,0,71.5
20161101,0,70.5
20161102,0.01,76
20161103,0.00001,72.5
20161104,0,73
20161105,0,68
20161106,0.01,68.5
20161107,0,71
20161108,0,67.5
20161109,0.00001,67
20161110,0,62.5
20161111,0,59.5
20161112,0,62
20161113,0,66
20161114,0.00001,56.5
20161115,0,59.5
20161116,0,61.5
20161117,0,60
20161118,0,61
20161119,0,63.5
20161120,0,49
20161121,0,50.5
20161122,0,53
20161123,0.00001,64
20161124,0,67
20161125,0,68
20161126,0,61
20161127,0,59.5
20161128,0.00001,62.5
20161129,0,73
20161130,0,72.5
20161201,0.11,61
20161202,0,56.5
20161203,0,57.5
20161204,0,66.5
20161205,0.01,72
20161206,1.52,70.5
20161207,0,63.5
20161208,0,59
20161209,0,50
20161210,0,52.5
20161211,0,61.5
20161212,0,69
20161213,0,71.5
20161214,0.00001,71
20161215,0,59
20161216,0,59
20161217,0,66.5
20161218,0,73
20161219,0.8,70.5
20161220,0,55
20161221,0,52
20161222,0,57.5
20161223,0,60.5
20161224,0,65.5
20161225,0.19,67.5
20161226,0,73.5
20161227,0,72
20161228,0,70.5
20161229,0.06,66.5
20161230,0,44.5
20161231,0,49
20170101,0,65
20170102,0,70.5
20170103,0.14,73
20170104,0,64.5
20170105,0,59
20170106,0.5,61
20170107,0.31,51.5
20170108,0,36.5
20170109,0,43.5
20170110,0,53
20170111,0,59.5
20170112,0,63
20170113,0,67
20170114,0.07,64.5
20170115,0,64.5
20170116,0,66
20170117,0,66
20170118,0,65.5
20170119,0,68
20170120,0,71
20170121,0,73
20170122,0.3,71
20170123,0.05,59.5
20170124,0,60
20170125,0,59.5
20170126,0.08,68.5
20170127,0,53
20170128,0,43
20170129,0,54.5
20170130,0,50.5
20170131,0,53.5
20170201,0,60
20170202,0,58
20170203,0,61
20170204,0,56
20170205,0,59.5
20170206,0,61.5
20170207,0.16,65.5
20170208,0.06,68.5
20170209,0,62.5
20170210,0,54.5
20170211,0,61
20170212,0,64
20170213,0,66
20170214,0,64.5
20170215,0,68
20170216,0,54
20170217,0,54.5
20170218,0.03,57.5
20170219,0,67.5
20170220,0,65.5
20170221,0,65.5
20170222,0.12,64.5
20170223,0.02,70.5
20170224,0,72
20170225,0,70.5
20170226,0,59.5
20170227,0,64
20170228,0,70
20170301,0,72.5
20170302,0.11,61.5
20170303,0,54
20170304,0,54.5
20170305,0,60
20170306,0,64
20170307,0,64.5
20170308,0,71.5
20170309,0,67.5
20170310,0,67.5
20170311,0,61.5
20170312,0.03,65.5
20170313,0.53,59
20170314,0,52
20170315,0,44.5
20170316,0,44
20170317,0,51
20170318,0,58.5
20170319,0,60.5
20170320,0,57
20170321,0,65
20170322,0,76
20170323,0,66
20170324,0,64.5
20170325,0,67
20170326,0,69.5
20170327,0,69
20170328,0,71
20170329,0,71
20170330,0,71
20170331,0,74.5
20170401,0,72
20170402,0,71
20170403,0,79.5
20170404,2.67,69.5
20170405,0,75.5
20170406,0.07,66
20170407,0,58
20170408,0,58.5
20170409,0,60
20170410,0,66
20170411,0,66
20170412,0,68.5
20170413,0,67
20170414,0,67.5
20170415,0,69.5
20170416,0,68
20170417,0,70
20170418,0,71.5
20170419,0,72.5
20170420,0,72
20170421,0,69.5
20170422,0,74
20170423,0,75.5
20170424,0,65
20170425,0,67.5
20170426,0,67.5
20170427,0,75.5
20170428,0,78.5
20170429,0,84
20170430,0,81
20170501,0,80
20170502,0,74
20170503,0,72.5
20170504,0.01,75
20170505,0.05,67
20170506,0,64.5
20170507,0,68.5
20170508,0,71.5
20170509,0,71.5
20170510,0,75
20170511,0,79
20170512,0,77.5
20170513,0.22,74.5
20170514,0,75
20170515,0,76.5
20170516,0,77
20170517,0,79
20170518,0,79.5
20170519,0,79.5
20170520,0,83.5
20170521,1.18,80
20170522,0.57,79.5
20170523,0.4,78
20170524,2.02,72
20170525,0,71
20170526,0,71
20170527,0,74.5
20170528,0,80
20170529,0,84
20170530,0,81.5
20170531,0,80
20170601,0,80
20170602,1.33,78.5
20170603,0,78.5
20170604,0,78
20170605,0.03,78
20170606,2.1,74.5
20170607,4.45,74.5
20170608,0.07,69.5
20170609,0,73
20170610,0.44,78.5
20170611,0.9,79
20170612,0.28,78.5
20170613,0,78.5
20170614,0.12,80
20170615,0,80
20170616,0.37,77.5
20170617,1.32,81
20170618,0.3,81
20170619,1.75,79.5
20170620,0,80
20170621,0.78,81
20170622,0.14,82
20170623,0,82.5
20170624,0,82
20170625,0,81.5
20170626,0,83
20170627,1.58,79.5
20170628,0,80
20170629,0.88,82
20170630,0.02,81.5
20170701,0,82.5
20170702,0,84
20170703,0,83
20170704,0.17,84
20170705,0,83.5
20170706,0.41,83.5
20170707,0,83
20170708,0.39,80
20170709,0.38,82.5
20170710,0,81.5
20170711,0.36,80.5
20170712,0.35,81
20170713,0.76,80.5
20170714,0,83
20170715,0,82.5
20170716,0.03,83.5
20170717,3.05,81
20170718,0.35,81.5
20170719,2.47,82
20170720,2.68,81
20170721,0,80.5
20170722,1.05,80
20170723,1.38,78
20170724,0.1,82
20170725,0.16,82
20170726,0,82.5
20170727,0.18,82
20170728,0,82.5
20170729,0.51,82
20170730,1.92,76.5
20170731,0,78.5
20170801,0.06,79.5
20170802,0.04,78
20170803,0.94,75.5
20170804,0,80
20170805,0,79
20170806,0,82
20170807,0,83.5
20170808,0.04,82.5
20170809,1.63,82
20170810,0.05,82.5
20170811,0,84
20170812,1,83.5
20170813,0.09,82.5
20170814,0.21,82.5
20170815,0,81.5
20170816,0,84
20170817,0.06,83.5
20170818,1.26,81.5
20170819,0.04,81
20170820,0,83
20170821,0.04,81.5
20170822,0,82.5
20170823,0,83
20170824,0.09,83
20170825,0.01,83
20170826,0.01,83
20170827,0.12,82
20170828,0,78
20170829,0.06,79
20170830,0,82.5
20170831,0.04,83
20170901,1.84,81
20170902,0.16,76
20170903,0,78.5
20170904,0,79.5
20170905,0,80
20170906,0.1,78
20170907,0,78
20170908,0,80
20170909,0.53,80
20170910,6.63,71.5
20170911,5.77,72.5
20170912,0.01,74
20170913,0,76
20170914,0,79
20170915,0.01,83
20170916,0,79
20170917,0,79
20170918,0,78
20170919,0,76.5
20170920,0,79.5
20170921,0,79.5
20170922,0,78.5
20170923,0.01,78.5
20170924,0,80
20170925,0,79.5
20170926,0,78
20170927,0,79
20170928,0,79.5
20170929,0,80
20170930,0.22,78
20171001,0.97,74
20171002,0,77.5
20171003,0,76.5
20171004,0,75.5
20171005,0.04,75.5
20171006,0.03,80
20171007,0,83.5
20171008,0.39,83
20171009,0.01,81.5
20171010,0,81
20171011,0,79.5
20171012,0,76
20171013,0,76
20171014,0,78.5
20171015,0,79
20171016,0,78.5
20171017,0,67
20171018,0,70
20171019,0.02,73
20171020,0,74
20171021,0,73.5
20171022,0,77
20171023,0.11,77
20171024,0,66
20171025,0,56.5
20171026,0,57
20171027,0,59.5
20171028,0,64.5
20171029,0,54.5
20171030,0,52.5
20171031,0,55.5
20171101,0,61.5
20171102,0,66.5
20171103,0,68.5
20171104,0,68
20171105,0,67
20171106,0,70.5
20171107,0,69
20171108,0,69.5
20171109,0,70
20171110,0,59.5
20171111,0,64
20171112,0,72
20171113,0,68
20171114,0,60
20171115,0,57
20171116,0,56.5
20171117,0,57.5
20171118,0,61.5
20171119,0.05,59
20171120,0,54.5
20171121,0.15,63
20171122,0,65
20171123,2.53,61
20171124,0.03,61
20171125,0,58.5
20171126,0,60.5
20171127,0,59
20171128,0,65
20171129,0,69
20171130,0,64.5
20171201,0,64.5
20171202,0,67
20171203,0,65
20171204,0,64
20171205,0,66.5
20171206,0,68
20171207,0.81,52
20171208,1.49,50
20171209,0.32,44
20171210,0,42.5
20171211,0,44.5
20171212,0,54
20171213,0,46
20171214,0,53
20171215,0,60.5
20171216,0,54
20171217,0,59.5
20171218,0,65.5
20171219,0,70.5
20171220,0,67.5
20171221,0.02,68.5
20171222,0,66
20171223,0,69
20171224,0,72
20171225,0,52
20171226,0,52.5
20171227,0,57
20171228,0.01,49.5
20171229,0,45.5
20171230,0,48.5
20171231,0,50
20180101,0.11,42
20180102,0,36
20180103,1.01,34
20180104,0,36.5
20180105,0,37.5
20180106,0,39.5
20180107,0,45.5
20180108,0,53.5
20180109,0.05,67
20180110,0.03,67
20180111,0.00001,68.5
20180112,0.2,63
20180113,0.00001,44.5
20180114,0,42.5
20180115,0,45.5
20180116,0,48.5
20180117,0,41.5
20180118,0,36
20180119,0,42.5
20180120,0,45.5
20180121,0.00001,56.5
20180122,0.06,62.5
20180123,0.68,58.5
20180124,0,50.5
20180125,0,52.5
20180126,0,56.5
20180127,0,63.5
20180128,1.02,65
20180129,1.16,59
20180130,0,46
20180131,0,46.5
20180201,0,55
20180202,0,56.5
20180203,0,52
20180204,0.39,58.5
20180205,0,59.5
20180206,0,59.5
20180207,0,68.5
20180208,0.01,61
20180209,0,65.5
20180210,0,73
20180211,0.01,72.5
20180212,0.98,70.5
20180213,0.16,61
20180214,0,62
20180215,0,68
20180216,0,71
20180217,0,71.5
20180218,0,72.5
20180219,0,73
20180220,0,74
20180221,0,77
20180222,0,71.5
20180223,0,70.5
20180224,0,72
20180225,0,74
20180226,0.03,71
20180227,0,66.5
20180228,0,68
20180301,0.00001,74
20180302,0.00001,66
20180303,0,55
20180304,0,53
20180305,0,53.5
20180306,0.04,58.5
20180307,0.1,57.5
20180308,0,49.5
20180309,0,51.5
20180310,0,53
20180311,0.00001,64
20180312,0.00001,54.5
20180313,0,51
20180314,0,50.5
20180315,0,49.5
20180316,0,56.5
20180317,0,64
20180318,0.04,72.5
20180319,2.03,68.5
20180320,0.00001,70
20180321,0,57.5
20180322,0,53
20180323,0,54.5
20180324,0,62
20180325,0.00001,70
20180326,0,61.5
20180327,0,69
20180328,0,67
20180329,0,70.5
20180330,0.2,69.5
20180331,0,67
20180401,0,71
20180402,0,71.5
20180403,0.00001,73
20180404,0.03,73.5
20180405,0,64
20180406,0,67.5
20180407,0.35,71
20180408,0.00001,63
20180409,4.95,70
20180410,0.81,61
20180411,0,64.5
20180412,0,64
20180413,0,71
20180414,0,75.5
20180415,0.83,70
20180416,0,59.5
20180417,0,61
20180418,0,68.5
20180419,0,71
20180420,0,67
20180421,0.00001,72
20180422,0.00001,74
20180423,0.52,79
20180424,0,71
20180425,0,69.5
20180426,0,70
20180427,0,72.5
20180428,0,70.5
20180429,0,74
20180430,0,71.5
20180501,0,68
20180502,0,69
20180503,0,70
20180504,0,73
20180505,0,71
20180506,0,77.5
20180507,0,74.5
20180508,0,72.5
20180509,0,73
20180510,0,74
20180511,0,79
20180512,0,78
20180513,0,72.5
20180514,0.67,74
20180515,0.74,77
20180516,0.3,76
20180517,1.13,76
20180518,0.01,78
20180519,0,78.5
20180520,0.84,73
20180521,1.13,76.5
20180522,0.56,79
20180523,0,78
20180524,0.00001,81.5
20180525,0.00001,81
20180526,0.00001,78.5
20180527,0.92,76.5
20180528,0.24,81.5
20180529,0.00001,81
20180530,1.57,75
20180531,0.27,80.5
20180601,0,82
20180602,0.01,82
20180603,0.36,84
20180604,0.36,86
20180605,0,80.5
20180606,0.41,75
20180607,0.12,80.5
20180608,0.26,79
20180609,0,79
20180610,0.00001,78.5
20180611,0.68,79.5
20180612,0.00001,79
20180613,0.01,80.5
20180614,0.00001,81
20180615,0.04,82.5
20180616,0.00001,82.5
20180617,0.33,83
20180618,0.00001,83.5
20180619,0.23,84
20180620,0.12,84
20180621,0.3,85
20180622,0,85.5
20180623,0.01,86
20180624,0,86.5
20180625,0.00001,84
20180626,0.39,85
20180627,0.93,83
20180628,0.13,84
20180629,0.25,83
20180630,0.61,82.5
20180701,0.05,82
20180702,0.59,85
20180703,0.00001,84
20180704,0.15,81.5
20180705,0.09,80.5
20180706,0.02,83
20180707,0.00001,81.5
20180708,0.00001,82
20180709,0.25,82.5
20180710,0,85
20180711,0,84.5
20180712,0,83
20180713,0,84.5
20180714,0.03,85
20180715,0.37,83.5
20180716,0.5,83
20180717,0.48,83.5
20180718,0.06,82.5
20180719,0.09,81.5
20180720,0.15,81
20180721,0.04,84
20180722,2.25,80.5
20180723,0.13,81
20180724,0.25,81
20180725,0.12,83
20180726,0.00001,83.5
20180727,0,85
20180728,0.21,85
20180729,0.00001,84.5
20180730,0.03,82.5
20180731,0.83,82
20180801,0.04,82.5
20180802,1.05,82.5
20180803,0,82.5
20180804,0,84.5
20180805,0,84
20180806,0,83.5
20180807,0,83
20180808,0,86
20180809,0.00001,84.5
20180810,0.05,85.5
20180811,0,84.5
20180812,1.03,83.5
20180813,0,82
20180814,0,83.5
20180815,0.01,83.5
20180816,0.00001,83
20180817,0.00001,84
20180818,0.00001,84
20180819,0.00001,84.5
20180820,0.48,82
20180821,0.15,82
20180822,0,84
20180823,3.73,84.5
20180824,0.87,84
20180825,0.00001,84.5
20180826,0.00001,83.5
20180827,0,85
20180828,0.6,83
20180829,0.06,81.5
20180830,0.62,81.5
20180831,0.00001,82.5
20180901,0.00001,83
20180902,0.06,83
20180903,0.36,82.5
20180904,0.06,84
20180905,0.35,82.5
20180906,0.00001,83.5
20180907,0.00001,82.5
20180908,0.00001,81
20180909,0,82
20180910,0.00001,83
20180911,0.07,83
20180912,0.05,84
20180913,0,85.5
20180914,0,85
20180915,0,88
20180916,0.09,88.5
20180917,0.00001,86
20180918,0,85.5
20180919,0.65,85
20180920,0,84.5
20180921,0,83.5
20180922,0,81.5
20180923,0,82
20180924,0.00001,82
20180925,0,84
20180926,0.47,82.5
20180927,0,82.5
20180928,0.91,82.5
20180929,0,82
20180930,0.00001,81.5
20181001,0.13,81.5
20181002,0.01,78.5
20181003,0,79.5
20181004,0,78
20181005,0,77.5
20181006,0,77
20181007,0.03,78.5
20181008,0.13,80
20181009,0.00001,81.5
20181010,0.11,83
20181011,0,82.5
20181012,0,71.5
20181013,0,69
20181014,0,73
20181015,0,80.5
20181016,0,81.5
20181017,0,82.5
20181018,0,81.5
20181019,0,77.5
20181020,0,79
20181021,0,67
20181022,0,66.5
20181023,0.00001,68
20181024,0,71.5
20181025,0.09,69.5
20181026,0.11,73.5
20181027,0,61
20181028,0,61
20181029,0,67.5
20181030,0,65.5
20181031,0,67.5
20181101,0.09,70
20181102,0.74,70
20181103,0,58.5
20181104,0.02,66
20181105,0.00001,76.5
20181106,0.00001,77
20181107,0.00001,75.5
20181108,0.25,77.5
20181109,0,78
20181110,0.00001,64
20181111,0,65
20181112,0.00001,75
20181113,0,77.5
20181114,0.38,68
20181115,0.76,57.5
20181116,0,49
20181117,0,54.5
20181118,0,64
20181119,0,67
20181120,0.13,61
20181121,0,57.5
20181122,0.00001,55.5
20181123,0.00001,67
20181124,0.00001,70
20181125,0,65
20181126,0.44,63
20181127,0,49
20181128,0,43.5
20181129,0,48.5
20181130,0.00001,56.5
20181201,1.24,66
20181202,0.01,74
20181203,0.23,71
20181204,0,59.5
20181205,0,48
20181206,0,47.5
20181207,0,53
20181208,0,61
20181209,1.11,63
20181210,0.00001,50
20181211,0,47.5
20181212,0,46
20181213,0,57
20181214,3.12,65
20181215,0.32,63
20181216,0,57.5
20181217,0,53.5
20181218,0,54.5
20181219,0.00001,56
20181220,1.47,62
20181221,0.21,56
20181222,0,49
20181223,0,50
20181224,0,56.5
20181225,0,57.5
20181226,0,59
20181227,0,64
20181228,0.08,74
20181229,0.89,70
20181230,0,70.5
20181231,0,71.5
20190101,0,69.5
20190102,0,69.5
20190103,0,70.5
20190104,0.58,69.5
20190105,0,53
20190106,0,56
20190107,0,58.5
20190108,0,62
20190109,0,53.5
20190110,0,46
20190111,0,50
20190112,0,61
20190113,0.11,65.5
20190114,0,54
20190115,0,46.5
20190116,0,50.5
20190117,0,52.5
20190118,0,61
20190119,0.7,65
20190120,0.7,54
20190121,0,46
20190122,0,57
20190123,0.00001,67
20190124,1.45,60.5
20190125,0,50
20190126,0,52.5
20190127,1.72,48
20190128,0.16,52
20190129,0.00001,51
20190130,0,42.5
20190131,0,47.5
20190201,0.00001,60
20190202,0.24,67
20190203,0.15,63
20190204,0,63.5
20190205,0,65
20190206,0,68
20190207,0,68
20190208,0,70
20190209,0,62
20190210,0.00001,67
20190211,0,72.5
20190212,0.14,73.5
20190213,0.16,55.5
20190214,0,54
20190215,0,62
20190216,0,67
20190217,0,77
20190218,0,78
20190219,0,71
20190220,0.00001,75
20190221,0.00001,76.5
20190222,0.01,75.5
20190223,0.00001,79.5
20190224,0.22,73
20190225,0,61
20190226,0.02,62.5
20190227,0.07,69.5
20190228,0,69.5
20190301,0.14,72.5
20190302,0.9,72.5
20190303,0.07,76
20190304,0.39,62
20190305,0.02,52
20190306,0,49.5
20190307,0,52.5
20190308,0,63
20190309,0,68
20190310,0,74.5
20190311,0,74.5
20190312,0,70
20190313,0,70.5
20190314,0,73
20190315,0,74.5
20190316,0.00001,65.5
20190317,0.00001,61
20190318,0,63
20190319,0,63
20190320,0,64
20190321,0,60
20190322,0,61.5
20190323,0,62
20190324,0,65.5
20190325,0,69.5
20190326,0.03,72.5
20190327,0.06,64.5
20190328,0.00001,66
20190329,0,65
20190330,0,70
20190331,0.26,71
20190401,0.2,58.5
20190402,0.33,63
20190403,0,60.5
20190404,0,67
20190405,0.05,73
20190406,0,76
20190407,0.00001,76
20190408,0.15,79
20190409,0.1,76.5
20190410,0,73.5
20190411,0,74.5
20190412,0,79
20190413,0,81
20190414,0.15,81.5
20190415,0,65
20190416,0,64.5
20190417,0,71
20190418,0.00001,75
20190419,0.98,71.5
20190420,0.03,63
20190421,0,62.5
20190422,0,67
20190423,0,69.5
20190424,0,72
20190425,0,74
20190426,0.43,75.5
20190427,0,67.5
20190428,0,71.5
20190429,0,74.5
20190430,0,77
20190501,0,78
20190502,0.00001,79
20190503,0.22,78
20190504,0.00001,82
20190505,2.13,78
20190506,0,80.5
20190507,0,80
20190508,0,78.5
20190509,0,78
20190510,0,80
20190511,0.00001,80.5
20190512,0.00001,81.5
20190513,0.00001,78.5
20190514,0,77.5
20190515,0,73.5
20190516,0,75.5
20190517,0,78
20190518,0,79
20190519,0.00001,75
20190520,0,81.5
20190521,0.00001,85.5
20190522,0,85
20190523,0,81.5
20190524,0,80
20190525,0,84
20190526,0,84.5
20190527,0,88
20190528,0.03,88
20190529,0,85.5
20190530,0,84.5
20190531,0.27,83.5
20190601,0,88.5
20190602,0,86.5
20190603,0,89.5
20190604,0.03,88.5
20190605,0.05,84.5
20190606,0.00001,84
20190607,0.18,83.5
20190608,0.48,84.5
20190609,0.85,76
20190610,0.09,82
20190611,0.19,83
20190612,1.63,79.5
20190613,1.62,79
20190614,0,80.5
20190615,0.05,81
20190616,0.00001,84
20190617,1.44,83
20190618,0.36,83
20190619,2.33,81
20190620,0.31,81.5
20190621,0,86
20190622,0,84.5
20190623,0,83
20190624,0,83.5
20190625,0,85
20190626,0,84
20190627,0,80.5
20190628,0,81.5
20190629,0,80.5
20190630,0,81
20190701,0,83.5
20190702,0.58,85.5
20190703,0.51,85
20190704,0.07,84
20190705,0.44,80
20190706,0.00001,79.5
20190707,0.01,80.5
20190708,0.03,82.5
20190709,0.1,83.5
20190710,0.00001,82.5
20190711,0.3,83
20190712,0.04,82
20190713,0,81.5
20190714,0,83.5
20190715,0.00001,83.5
20190716,0.00001,82.5
20190717,0.07,81.5
20190718,0,79.5
20190719,0.25,81.5
20190720,0.03,80.5
20190721,0.03,80
20190722,0.03,79
20190723,0.00001,79
20190724,1.38,76.5
20190725,0.06,75.5
20190726,0.22,75.5
20190727,0.06,79
20190728,0.04,80
20190729,0.02,80.5
20190730,0,80
20190731,0,82.5
20190801,0,81
20190802,0.00001,79.5
20190803,0,80
20190804,0,82.5
20190805,0.02,82.5
20190806,0.51,81.5
20190807,0.14,79.5
20190808,0.59,82.5
20190809,0,84
20190810,0.00001,86
20190811,1.22,84.5
20190812,0.62,83
20190813,0,83.5
20190814,0.07,83
20190815,0.31,81
20190816,0.84,75.5
20190817,1.6,73.5
20190818,0.14,77
20190819,0.32,79.5
20190820,0.04,80.5
20190821,0.09,81
20190822,0,81.5
20190823,0,82
20190824,0,83
20190825,0.01,81.5
20190826,2.24,82.5
20190827,0.9,80
20190828,0.38,82.5
20190829,0,82.5
20190830,0.01,80.5
20190831,0.01,82.5
20190901,0.39,82.5
20190902,0.15,82.5
20190903,0.16,83
20190904,0.15,80.5
20190905,0,84.5
20190906,0,83
20190907,0,81.5
20190908,0,81.5
20190909,0,82
20190910,0,81.5
20190911,0,80.5
20190912,0,81
20190913,0.00001,81
20190914,0.00001,82
20190915,0.06,82.5
20190916,0,82.5
20190917,0,81.5
20190918,0,79
20190919,0.00001,78.5
20190920,0.02,78
20190921,0,77
20190922,0,76.5
20190923,0,76.5
20190924,0,76.5
20190925,0,80
20190926,0,83
20190927,0,81
20190928,0,77.5
20190929,0.00001,78
20190930,0,82
20191001,0.05,81.5
20191002,0.00001,79.5
20191003,0,78
20191004,0,75.5
20191005,0,77.5
20191006,0.00001,79
20191007,1.8,75.5
20191008,0.01,78
20191009,0,75.5
20191010,0,76.5
20191011,0,74.5
20191012,0,72
20191013,0,74.5
20191014,0,75.5
20191015,0.00001,78.5
20191016,0.03,79.5
20191017,0,66.5
20191018,0.12,65
20191019,0.62,73.5
20191020,0.00001,74
20191021,0.58,70.5
20191022,0.27,79
20191023,0,66
20191024,0,72
20191025,0.00001,78.5
20191026,0.03,79.5
20191027,0.08,76
20191028,0.00001,77.5
20191029,0.00001,81
20191030,0,80.5
20191031,0.00001,76.5
20191101,0,59.5
20191102,0,61
20191103,0,61.5
20191104,0,69.5
20191105,0,73
20191106,0,75.5
20191107,0,76.5
20191108,0.07,63.5
20191109,0.13,60.5
20191110,0,59.5
20191111,0,63.5
20191112,0.01,65
20191113,0,50.5
20191114,0.04,56
20191115,1.25,55
20191116,0.01,50.5
20191117,0,50.5
20191118,0,59
20191119,0,55.5
20191120,0,57
20191121,0,58
20191122,0,63
20191123,0.3,63.5
20191124,0.02,55
20191125,0,52
20191126,0,54
20191127,0,62.5
20191128,0,65.5
20191129,0,61
20191130,0,63.5
20191201,0,72
20191202,0,54
20191203,0,43.5
20191204,0,50.5
20191205,0,53.5
20191206,0,55
20191207,0,57
20191208,0,65.5
20191209,0,69
20191210,0,68
20191211,0.00001,64
20191212,0.02,63.5
20191213,0.65,66.5
20191214,1.4,59
20191215,0,57
20191216,0,63.5
20191217,0.21,70
20191218,0.00001,51.5
20191219,0,49
20191220,0,56
20191221,0.00001,66
20191222,1.97,64
20191223,1.54,61
20191224,0.01,58
20191225,0.00001,64
20191226,0,66.5
20191227,0.00001,68
20191228,0.07,72.5
20191229,0.15,74
20191230,0.02,65
20191231,0,54
20200101,0,52.5
20200102,0,61.5
20200103,0.00001,73
20200104,0.68,63
20200105,0,50
20200106,0,51
20200107,0,54
20200108,0,49
20200109,0,54.5
20200110,0,65.5
20200111,0,73
20200112,0,74.5
20200113,0,73
20200114,0,69
20200115,0,70
20200116,0,68
20200117,0,62.5
20200118,0,61.5
20200119,0.08,63
20200120,0,46.5
20200121,0,40.5
20200122,0.00001,44
20200123,0.00001,58
20200124,0.00001,62
20200125,0,55
20200126,0.00001,52
20200127,0.00001,57.5
20200128,0,53.5
20200129,0.00001,47
20200130,0.00001,57.5
20200131,0.00001,60.5
20200201,0,54
20200202,0,52.5
20200203,0,56
20200204,0,56.5
20200205,0,65.5
20200206,0.93,73.5
20200207,0,49.5
20200208,0,51
20200209,0,56
20200210,0,64
20200211,0,71.5
20200212,0,73.5
20200213,0.02,72.5
20200214,0.03,57
20200215,0,57.5
20200216,0.04,63
20200217,0.00001,63.5
20200218,0,72.5
20200219,0,71.5
20200220,0.04,61.5
20200221,0.03,43
20200222,0,48
20200223,0,56
20200224,0,63.5
20200225,0.66,65
20200226,0.69,62.5
20200227,0,46.5
20200228,0,46
20200229,0,51.5
20200301,0,50.5
20200302,0,60
20200303,0,69.5
20200304,0,71.5
20200305,0.05,74.5
20200306,0,60
20200307,0,50
20200308,0,52
20200309,0,62
20200310,0.00001,66
20200311,0,67
20200312,0,65.5
20200313,0,67.5
20200314,0,70
20200315,0,72.5
20200316,0,73.5
20200317,0,72
20200318,0,73.5
20200319,0,72.5
20200320,0,73.5
20200321,0,72
20200322,0,72
20200323,0,75
20200324,0,71
20200325,0.00001,76.5
20200326,0,75
20200327,0,73.5
20200328,0,75
20200329,0,75.5
20200330,0,75
20200331,0.59,73.5
20200401,0,59
20200402,0,58.5
20200403,0,62
20200404,0,66.5
20200405,0.06,65.5
20200406,0,68
20200407,0,71
20200408,0,73.5
20200409,0,80.5
20200410,0,64
20200411,0,62.5
20200412,0.02,78.5
20200413,0.01,81
20200414,1.72,73.5
20200415,1.3,69.5
20200416,0.11,63
20200417,0,66.5
20200418,0.24,71
20200419,0,78
20200420,0.2,74
20200421,0,71.5
20200422,0,67
20200423,1.15,75.5
20200424,0.52,70
20200425,0,75
20200426,0,70.5
20200427,0,63.5
20200428,0,65
20200429,0,71.5
20200430,0.51,69
20200501,0,64
20200502,0,67
20200503,0,71
20200504,0,71.5
20200505,0,74
20200506,0.00001,72
20200507,0,61.5
20200508,0,62
20200509,0,70
20200510,0.67,66.5
20200511,0,69
20200512,0,66.5
20200513,0,68.5
20200514,0,71.5
20200515,0,72
20200516,0.00001,75.5
20200517,0,78.5
20200518,0.00001,77.5
20200519,0.02,77
20200520,0,77.5
20200521,0,78.5
20200522,0,79
20200523,0.00001,80
20200524,0,78.5
20200525,0.37,75.5
20200526,0.06,76
20200527,1.07,78
20200528,1.13,78.5
20200529,0.84,77
20200530,1.25,79.5
20200531,0,80.5
20200601,0,79
20200602,0,77
20200603,0.06,75
20200604,0.62,75.5
20200605,0.00001,76.5
20200606,1,76
20200607,2.62,77
20200608,0.22,80
20200609,0.01,79.5
20200610,0.05,81.5
20200611,0.11,79
20200612,3.13,79
20200613,0.00001,77
20200614,0.00001,78.5
20200615,0,76.5
20200616,0,74.5
20200617,0,73
20200618,0,77.5
20200619,0.58,79
20200620,0,80
20200621,0,79.5
20200622,0,78.5
20200623,0.05,81.5
20200624,0,84
20200625,0,82
20200626,0,83
20200627,0.00001,83.5
20200628,0,82
20200629,0.00001,83.5
20200630,0.02,83
20200701,0.00001,78.5
20200702,0.33,80
20200703,0,80.5
20200704,0.05,80.5
20200705,0.03,79.5
20200706,0.2,78
20200707,0.55,79.5
20200708,0.35,81.5
20200709,0,83
20200710,1.65,85.5
20200711,0.03,84.5
20200712,0,82.5
20200713,0,81.5
20200714,0,85
20200715,1.08,82.5
20200716,0,81.5
20200717,0.16,82
20200718,0.01,81.5
20200719,0,82
20200720,0.00001,81.5
20200721,0.81,83
20200722,0.03,81.5
20200723,0.00001,81
20200724,0.00001,82
20200725,0.00001,82
20200726,0.02,82
20200727,0.00001,80.5
20200728,0.00001,81
20200729,0.95,80
20200730,0.01,80.5
20200731,0,82.5
20200801,0,83.5
20200802,0.4,80
20200803,0,84
20200804,0,84.5
20200805,0,82.5
20200806,0.13,82
20200807,0.46,81
20200808,0,80
20200809,0.39,83.5
20200810,0.00001,82.5
20200811,0.18,82
20200812,0.00001,81.5
20200813,0.00001,82.5
20200814,0.04,81.5
20200815,0.12,80
20200816,0.04,82.5
20200817,0,81
20200818,0.67,80.5
20200819,0.26,78
20200820,0.6,79.5
20200821,0.08,78
20200822,0.42,78.5
20200823,0.09,82
20200824,0.02,85
20200825,0.11,85
20200826,0,84.5
20200827,0.22,84
20200828,0.76,81
20200829,0.26,81.5
20200830,0.47,81.5
20200831,1.28,79
20200901,1.03,80
20200902,0.09,83.5
20200903,0.00001,83.5
20200904,0.00001,85
20200905,0,85.5
20200906,0.00001,83.5
20200907,0.3,80.5
20200908,0.11,80
20200909,1.94,82
20200910,0.74,82
20200911,0.34,82
20200912,0.42,81
20200913,0.09,81
20200914,1.16,81
20200915,0.00001,79
20200916,0.16,81
20200917,0.89,80
20200918,0,80
20200919,0.08,74
20200920,0.00001,70
20200921,0.00001,75
20200922,0.00001,73.5
20200923,0,74
20200924,0,77.5
20200925,0,80.5
20200926,0,80.5
20200927,0.07,77.5
20200928,0.00001,78.5
20200929,0.18,73
20200930,0,67
20201001,0,67
20201002,0,68.5
20201003,0,69
20201004,0.23,66
20201005,0.07,70
20201006,0.00001,81
20201007,0,81
20201008,0.00001,80
20201009,0.41,80
20201010,0.03,79
20201011,0.12,80
20201012,0.00001,76.5
20201013,0,77
20201014,0,77.5
20201015,0,76
20201016,0,77
20201017,0,70.5
20201018,0,74.5
20201019,0.27,77
20201020,0.05,78.5
20201021,0.4,77.5
20201022,0.02,76.5
20201023,0.06,76.5
20201024,0.01,75.5
20201025,0,76.5
20201026,0,76
20201027,0.00001,80
20201028,0,78.5
20201029,0.07,77.5
20201030,0,62.5
20201031,0,68
20201101,0.26,72
20201102,0,53.5
20201103,0,56.5
20201104,0.00001,62
20201105,0,70.5
20201106,0.00001,74.5
20201107,0.00001,76
20201108,0.03,75
20201109,0.62,76
20201110,0.15,78
20201111,0.19,77
20201112,0.48,73
20201113,0,65.5
20201114,0,68
20201115,0.05,72
20201116,0,65.5
20201117,0,60
20201118,0,58
20201119,0,59
20201120,0.00001,65.5
20201121,0.08,70
20201122,0.04,68.5
20201123,0,63.5
20201124,0,62.5
20201125,0,67.5
20201126,0,69.5
20201127,0,69.5
20201128,0.00001,70
20201129,0,68
20201130,0.51,58
20201201,0,40.5
20201202,0,42.5
20201203,0,51
20201204,0,64
20201205,0.09,53
20201206,0.19,51.5
20201207,0.1,53
20201208,0,44
20201209,0,46
20201210,0,53.5
20201211,0,54
20201212,0.00001,56
20201213,0,65.5
20201214,0.03,66
20201215,0,61.5
20201216,0.83,59.5
20201217,0.00001,52
20201218,0,42
20201219,0.00001,52.5
20201220,0.07,58
20201221,0,54.5
20201222,0,55
20201223,0,54
20201224,0.58,60
20201225,0,39
20201226,0,37
20201227,0,44
20201228,0,54.5
20201229,0,55.5
20201230,0,61.5
20201231,0,69
20210101,0,73.5
20210102,0,70
20210103,0.13,56
20210104,0,51
20210105,0,52.5
20210106,0,49
20210107,0,55
20210108,0,53
20210109,0,41.5
20210110,0,47
20210111,0,57
20210112,0,56.5
20210113,0.00001,47.5
20210114,0,46.5
20210115,0.05,54.5
20210116,0,47
20210117,0,43.5
20210118,0,48
20210119,0,48.5
20210120,0,51.5
20210121,0,60.5
20210122,0.00001,65.5
20210123,0.05,60
20210124,0.02,62
20210125,0,70
20210126,0,68
20210127,0.18,65
20210128,0,50
20210129,0,47.5
20210130,0,50
20210131,0.01,62
20210201,0.27,54.5
20210202,0,44.5
20210203,0,43.5
20210204,0,46
20210205,0.33,54
20210206,1.85,53
20210207,1.02,57
20210208,0,59
20210209,0.00001,65
20210210,0,69
20210211,0,71.5
20210212,0.03,71.5
20210213,0.27,68
20210214,0.67,64
20210215,0.84,66.5
20210216,0.04,58.5
20210217,0.00001,52.5
20210218,0.00001,72
20210219,0.58,60.5
20210220,0,52
20210221,0.00001,54
20210222,0.11,64
20210223,0,59.5
20210224,0,60
20210225,0,61
20210226,0,67
20210227,0,71
20210228,0,75.5
20210301,0.14,73.5
20210302,0.52,61
20210303,0.74,55.5
20210304,0,59.5
20210305,0,58
20210306,0.06,53.5
20210307,0,53.5
20210308,0,51.5
20210309,0,56
20210310,0,60
20210311,0,62.5
20210312,0,64
20210313,0,66
20210314,0,68.5
20210315,0,69.5
20210316,0,74.5
20210317,0,74
20210318,0.26,69.5
20210319,0,59.5
20210320,0.00001,56.5
20210321,0,53
20210322,0.00001,64
20210323,0,66.5
20210324,0,67
20210325,0,72.5
20210326,0,75.5
20210327,0,76.5
20210328,0,72
20210329,0,68
20210330,1.52,73
20210331,0.00001,76
20210401,0.00001,58
20210402,0,49.5
20210403,0,52
20210404,0,57
20210405,0,61
20210406,0,63.5
20210407,0,65
20210408,0,65.5
20210409,0,68.5
20210410,0.27,70
20210411,1.51,60
20210412,0,71
20210413,0,72
20210414,0,73
20210415,0,70
20210416,0.5,68.5
20210417,0.57,70.5
20210418,1.1,71
20210419,0.00001,67
20210420,0,66
20210421,0,71.5
20210422,0,62.5
20210423,0,63
20210424,0,74
20210425,0.16,72
20210426,0,68.5
20210427,0,70.5
20210428,0,71.5
20210429,0,73.5
20210430,0.00001,75.5
20210501,0,72.5
20210502,0.45,74.5
20210503,0,77.5
20210504,0,79.5
20210505,0.01,78
20210506,0.28,74.5
20210507,0,67
20210508,0,64
20210509,0,71
20210510,0.00001,76
20210511,0.31,74.5
20210512,0,79.5
20210513,0.05,65.5
20210514,0,68.5
20210515,0,63.5
20210516,0,65.5
20210517,0,70
20210518,0,73.5
20210519,0.00001,72.5
20210520,0,73.5
20210521,0,71.5
20210522,0,72.5
20210523,0,72
20210524,0,75
20210525,0,76
20210526,0,77
20210527,0,78.5
20210528,0,78.5
20210529,0,77.5
20210530,0,78.5
20210531,0,76.5
20210601,0,75.5
20210602,0,76.5
20210603,0.54,80.5
20210604,0.73,78.5
20210605,0.00001,80
20210606,1.22,82.5
20210607,0.01,79.5
20210608,0,82
20210609,0,82
20210610,0.00001,81.5
20210611,0,82
20210612,0.45,81
20210613,0.63,81.5
20210614,0.5,76.5
20210615,1.1,80.5
20210616,0.00001,79
20210617,0.1,79.5
20210618,0.01,82
20210619,0,82.5
20210620,0.66,79.5
20210621,0.94,79.5
20210622,0.92,78.5
20210623,0.00001,80.5
20210624,1.72,76.5
20210625,0.7,78
20210626,0.17,79.5
20210627,0,80.5
20210628,0.00001,80
20210629,0.91,80
20210630,0.07,77.5
20210701,0,79.5
20210702,0.33,78
20210703,0.9,77
20210704,1.33,78
20210705,0.00001,79
20210706,0.52,79.5
20210707,4.67,76
20210708,0.00001,82.5
20210709,0.19,81.5
20210710,0,80
20210711,0.06,81
20210712,0.00001,80.5
20210713,0.9,80
20210714,0.07,81.5
20210715,0,82
20210716,0,81.5
20210717,0,83
20210718,0,82.5
20210719,1.12,81.5
20210720,0.05,80
20210721,0.7,81
20210722,0.01,82.5
20210723,0.83,83
20210724,0,81.5
20210725,0,81
20210726,0.51,83
20210727,0.28,83
20210728,1.11,83
20210729,0,82
20210730,0.31,83
20210731,0.1,83
20210801,0.32,79.5
20210802,1.13,81.5
20210803,0.85,77
20210804,0.74,79.5
20210805,0.33,77.5
20210806,0.4,80
20210807,0.00001,80
20210808,0.03,83
20210809,0.02,83
20210810,0.81,84
20210811,0,83
20210812,0,83
20210813,0,81.5
20210814,0.54,81
20210815,0,82
20210816,0.00001,81
20210817,0.05,83
20210818,0,84.5
20210819,0.73,84.5
20210820,0,84.5
20210821,0,83
20210822,0.00001,84
20210823,0.07,83.5
20210824,0.94,79
20210825,0.39,81
20210826,0.01,80
20210827,0.67,80.5
20210828,0.17,82.5
20210829,0,85
20210830,0,83.5
20210831,0.01,82.5
20210901,1.7,75.5
20210902,0.07,80
20210903,0,80.5
20210904,0,78.5
20210905,0,78.5
20210906,0.01,80
20210907,0.08,80
20210908,0.25,80
20210909,0.15,79.5
20210910,0.00001,80.5
20210911,0,79.5
20210912,0,80
20210913,0,79.5
20210914,1.54,80.5
20210915,0.53,80.5
20210916,0.72,81
20210917,0,79.5
20210918,1.18,81
20210919,1.97,79.5
20210920,0.07,79
20210921,0.4,80.5
20210922,0,79.5
20210923,0,74
20210924,0,74
20210925,0,77
20210926,0,76.5
20210927,0,74
20210928,0,75
20210929,0,76
20210930,0,75.5
20211001,0,77.5
20211002,0.01,77
20211003,0,75.5
20211004,0,77
20211005,0.08,77
20211006,0.06,77.5
20211007,0,78.5
20211008,0.00001,79.5
20211009,0,76.5
20211010,0,75
20211011,0,75.5
20211012,0,78
20211013,0,77.5
20211014,0,78
20211015,0,76
20211016,0.07,76.5
20211017,0,66
20211018,0,64
20211019,0,67.5
20211020,0,69
20211021,0,72
20211022,0,74
20211023,0,73
20211024,0.00001,72
20211025,0.05,78.5
20211026,0,71
20211027,0,66.5
20211028,1.56,66.5
20211029,0.01,63
20211030,0,60.5
20211031,0,56
20211101,0,60
20211102,0,67.5
20211103,0,66
20211104,0,65
20211105,1,55
20211106,2.27,50.5
20211107,0,58
20211108,0,57
20211109,0,59
20211110,0,62.5
20211111,0,69
20211112,0,67
20211113,0.04,62
20211114,0,54
20211115,0,57
20211116,0,58
20211117,0,63.5
20211118,0,69.5
20211119,0,66
20211120,0,65
20211121,0,69.5
20211122,0.05,65
20211123,0,49
20211124,0,55
20211125,0,60
20211126,0.00001,57
20211127,0,50
20211128,0,52.5
20211129,0,52
20211130,0,51.5
20211201,0,56.5
20211202,0,58
20211203,0,60.5
20211204,0,60
20211205,0,61.5
20211206,0,65.5
20211207,0,69
20211208,0.12,70.5
20211209,0,63
20211210,0,69
20211211,0,71
20211212,0.00001,66.5
20211213,0,67.5
20211214,0,66
20211215,0.06,69.5
20211216,0.01,72.5
20211217,0,70
20211218,0.07,69
20211219,1.13,72
20211220,0.04,57.5
20211221,1.45,54
20211222,0.00001,53
20211223,0,51.5
20211224,0,58.5
20211225,0,60
20211226,0,65.5
20211227,0,66
20211228,0,66.5
20211229,0,67.5
20211230,0,71.5
20211231,0,72
20220101,0,73
20220102,0,76
20220103,0.11,58
20220104,0,55
20220105,0,56
20220106,0,55.5
20220107,0,54.5
20220108,0,57
20220109,0,65.5
20220110,0.00001,61.5
20220111,0,52
20220112,0,58.5
20220113,0,57
20220114,0,53.5
20220115,0,52.5
20220116,0.62,54
20220117,0,48.5
20220118,0,47.5
20220119,0,51.5
20220120,0,59.5
20220121,0.06,54.5
20220122,0.01,42
20220123,0,42
20220124,0,43.5
20220125,0.06,52
20220126,0.02,54.5
20220127,0,56
20220128,0.00001,54.5
20220129,0,36.5
20220130,0,40
20220131,0,51.5
20220201,0,53
20220202,0,60
20220203,0,65.5
20220204,0.03,69
20220205,0.24,55
20220206,0.15,48.5
20220207,0.03,48.5
20220208,0.58,48.5
20220209,0,50.5
20220210,0,50.5
20220211,0,56.5
20220212,0.05,62
20220213,0.1,58.5
20220214,0,49
20220215,0,50
20220216,0,60
20220217,0,70
20220218,0.09,73.5
20220219,0,54.5
20220220,0,55
20220221,0,64.5
20220222,0,69.5
20220223,0,72
20220224,0,71
20220225,0,72.5
20220226,0,70.5
20220227,0,73.5
20220228,0.29,57.5
20220301,0,60.5
20220302,0,59
20220303,0,62
20220304,0,65.5
20220305,0,71
20220306,0,72
20220307,0.00001,73.5
20220308,0.06,75
20220309,0.85,75
20220310,1.23,66.5
20220311,3.9,64.5
20220312,1.16,56.5
20220313,0,46.5
20220314,0,59.5
20220315,1.39,63.5
20220316,0.03,70
20220317,0,67
20220318,0,70.5
20220319,0.04,73
20220320,0.17,61
20220321,0,60.5
20220322,0,67.5
20220323,0.28,73.5
20220324,1.94,64.5
20220325,0.03,63
20220326,0,62
20220327,0,63
20220328,0,69
20220329,0,71
20220330,0,72.5
20220331,1.51,71.5
20220401,0,71
20220402,1,61.5
20220403,0,66.5
20220404,0,66.5
20220405,0,75.5
20220406,0.00001,78.5
20220407,0.43,72.5
20220408,0,61.5
20220409,0,54
20220410,0,57
20220411,0,63
20220412,0,71
20220413,0,70.5
20220414,0.00001,73
20220415,0,74
20220416,0,74.5
20220417,0.18,77.5
20220418,0,74.5
20220419,0,62.5
20220420,0,61.5
20220421,0,68
20220422,0,70.5
20220423,0,69
20220424,0,71.5
20220425,0,72.5
20220426,0.00001,74
20220427,0,75.5
20220428,0,71
20220429,0,69.5
20220430,0.00001,73
20220501,0.25,73
20220502,0.17,74.5
20220503,0.01,77
20220504,0,76.5
20220505,0,78
20220506,0.11,77
20220507,0,77
20220508,0,74
20220509,0,69.5
20220510,0,66.5
20220511,0,68
20220512,0.00001,69.5
20220513,1.92,72.5
20220514,0,73
20220515,0.12,77.5
20220516,0.19,75
20220517,0,79.5
20220518,0,81.5
20220519,0,78.5
20220520,0.02,78
20220521,0.36,79
20220522,0.03,78.5
20220523,0,80.5
20220524,0.11,80
20220525,0,79
20220526,0,80
20220527,0.21,75
20220528,0,76
20220529,0.27,77.5
20220530,0.00001,78.5
20220531,0.00001,77.5
20220601,0,77
20220602,0,77.5
20220603,0,80.5
20220604,0,80.5
20220605,0.00001,81
20220606,1.07,80
20220607,0,80
20220608,0.49,83
20220609,0.02,83
20220610,0.06,81.5
20220611,0.04,82.5
20220612,0.47,79.5
20220613,0.18,81.5
20220614,0.5,83.5
20220615,0,83
20220616,0,86.5
20220617,0,83.5
20220618,0,84
20220619,0.21,84
20220620,0,82.5
20220621,0,78
20220622,0,83
20220623,0,87
20220624,0.19,85
20220625,0.06,81.5
20220626,0,79
20220627,0.00001,77.5
20220628,0,83.5
20220629,0.00001,84.5
20220630,0,82
20220701,0.54,80
20220702,0.11,80.5
20220703,1.21,80.5
20220704,0.8,83.5
20220705,1.63,83.5
20220706,0,84
20220707,0.00001,85
20220708,0.00001,82.5
20220709,0.00001,83.5
20220710,0.05,83
20220711,0.95,83
20220712,0,83
20220713,0,82.5
20220714,0.5,83
20220715,0.08,81
20220716,1.48,79
20220717,0,81
20220718,0.45,81
20220719,1.44,82
20220720,0.36,81.5
20220721,0.00001,82.5
20220722,0,84
20220723,0,83
20220724,0.14,81
20220725,0,82.5
20220726,0.35,83
20220727,0,81
20220728,0,82
20220729,0,84.5
20220730,0.00001,84
20220731,0,85
20220801,0,86
20220802,0,84
20220803,2.78,82.5
20220804,0.08,82.5
20220805,0.01,83
20220806,0.01,82
20220807,0.02,82
20220808,0.12,82
20220809,0.01,82
20220810,0,84
20220811,0.02,79.5
20220812,0,82
20220813,0.00001,80
20220814,0,80.5
20220815,0,79
20220816,0.16,81
20220817,0.00001,83.5
20220818,0.02,81
20220819,0.34,82
20220820,0.76,84
20220821,0.02,83.5
20220822,1.26,81.5
20220823,2.58,82.5
20220824,0.16,82
20220825,0.85,82
20220826,0.16,82.5
20220827,0.05,81
20220828,2.29,81.5
20220829,0.02,81.5
20220830,0,83
20220831,0.01,82.5
20220901,0,81.5
20220902,0.00001,79.5
20220903,0.16,83
20220904,0.00001,82.5
20220905,0.00001,84.5
20220906,0,83.5
20220907,0.00001,83
20220908,0.69,75.5
20220909,1.17,78.5
20220910,0.54,80
20220911,0.09,81
20220912,0.00001,80.5
20220913,0.05,79
20220914,0,79.5
20220915,0.00001,80
20220916,0.03,79.5
20220917,0.18,78.5
20220918,0.27,76.5
20220919,0.08,81
20220920,0,80.5
20220921,0,79.5
20220922,0,80
20220923,0,76.5
20220924,0,77
20220925,0,76
20220926,0,78.5
20220927,0,78
20220928,0.41,65.5
20220929,0.09,64.5
20220930,0,68.5
20221001,0,70.5
20221002,0,72.5
20221003,0,69
20221004,0,64.5
20221005,0,64.5
20221006,0,68.5
20221007,0,70.5
20221008,0,71.5
20221009,0,71.5
20221010,0,74
20221011,0,74.5
20221012,0.02,78
20221013,0.1,76.5
20221014,0,73
20221015,0,71
20221016,0,71.5
20221017,0.04,75
20221018,0,64
20221019,0,52
20221020,0,54.5
20221021,0,56.5
20221022,0,59.5
20221023,0,66
20221024,0,67.5
20221025,0,68.5
20221026,0.00001,72
20221027,0,73
20221028,0,72
20221029,0,70
20221030,0,74.5
20221031,0,75.5
20221101,0,74.5
20221102,0.68,75
20221103,0,72.5
20221104,0,72
20221105,0.13,75.5
20221106,0.01,76.5
20221107,0.01,74.5
20221108,0,74
20221109,0,65
20221110,2.51,69
20221111,0.03,72
20221112,0,74
20221113,0.00001,59
20221114,0,61
20221115,0.01,69.5
20221116,0,62
20221117,0,55
20221118,0,51
20221119,0.00001,51
20221120,0.06,50.5
20221121,0,60.5
20221122,0,63
20221123,0,68.5
20221124,0,71
20221125,0,74.5
20221126,0,71.5
20221127,0.29,69.5
20221128,0,63
20221129,0,64.5
20221130,0.22,70.5
20221201,0,59
20221202,0,63.5
20221203,0,65.5
20221204,0.00001,65.5
20221205,0,69
20221206,0,70
20221207,0,68.5
20221208,0,68.5
20221209,0,67
20221210,0,66.5
20221211,0,61
20221212,0,63
20221213,0,63
20221214,0,67
20221215,1.38,64
20221216,0,53.5
20221217,0.01,51.5
20221218,0,49
20221219,0,51.5
20221220,0.13,57.5
20221221,0.06,54
20221222,0,56
20221223,0.00001,48
20221224,0,33
20221225,0,35.5
20221226,0,39.5
20221227,0,44
20221228,0,50
20221229,0,59
20221230,0,61.5
20221231,0.06,65
20230101,0,67
